{"cameraMode":{"drawMode":0,"name":"Shaded","section":"Shading Mode"},"sceneLighting":false,"audioPlay":false,"sceneViewState":{"m_AlwaysRefresh":false,"showFog":true,"showSkybox":false,"showFlares":true,"showImageEffects":true,"showParticleSystems":true,"showVisualEffectGraphs":true,"m_FxEnabled":true},"in2DMode":false,"pivot":{"x":-12.296783447265625,"y":0.40551382303237917,"z":14.404248237609864},"rotation":{"x":-0.07334291189908982,"y":0.7215926051139832,"z":-0.07736656069755554,"w":-0.6840544939041138},"size":2.1866025924682619,"orthographic":false}